{"cameraMode":{"drawMode":0,"name":"Shaded","section":"Shading Mode"},"sceneLighting":true,"audioPlay":false,"sceneViewState":{"m_AlwaysRefresh":false,"showFog":true,"showSkybox":true,"showFlares":true,"showImageEffects":true,"showParticleSystems":true,"showVisualEffectGraphs":true,"m_FxEnabled":true},"in2DMode":false,"pivot":{"x":525.1300048828125,"y":18.81999969482422,"z":332.42999267578127},"rotation":{"x":-0.13277561962604524,"y":-0.22654736042022706,"z":0.031174911186099054,"w":-0.9644286632537842},"size":0.8660253882408142,"orthographic":false}